residue,weights
M,-0.070292905
S,0.0039417297
Q,-0.121965766
E,-0.12722424
R,-0.11570606
P,-0.13516821
T,-0.13926773
F,-0.086622566
Y,-0.12030176
R,-0.14522523
Q,-0.12804535
E,-0.14509737
L,-0.14532447
N,-0.018341903
K,-0.12284254
T,-0.112021245
I,-0.11349621
W,-0.06961535
E,-0.12613961
V,-0.08608642
P,-0.12695655
E,-0.04979342
R,-0.14245838
Y,-0.14700964
Q,-0.04862891
N,-0.13563879
L,-0.1448908
S,-0.12187275
P,-0.12383267
V,-0.013807993
G,-0.14512894
S,-0.13132894
G,-0.115952104
A,-0.13650277
Y,-0.039007783
G,-0.13475007
S,-0.08542613
V,-0.054018255
C,-0.12162194
A,-0.041714013
A,-0.020795912
F,-0.12994978
D,-0.12527578
T,-0.050871857
K,-0.09956077
T,-0.13124758
G,-0.05147517
L,-0.13836649
R,-0.13444248
V,-0.11017771
A,-0.0013971105
V,0.00038742274
K,-0.0017590635
K,-0.044556487
L,-0.13791844
S,-0.07760803
R,-0.057669904
P,-0.12249219
F,0.0019984543
Q,-0.05082253
S,-0.13955414
I,-0.12223879
I,-0.040036272
H,-0.14396574
A,-0.1377951
K,-0.13426186
R,-0.085710935
T,-0.120895475
Y,-0.08674264
R,-0.06486955
E,0.0067553557
L,-0.0015669502
R,-0.0443636
L,-0.13345066
L,-0.12903625
K,-0.11678807
H,-0.1030488
M,-0.13000673
K,-0.04254591
H,-0.105304234
E,-0.09394487
N,-0.109095365
V,-0.060652092
I,-0.11096281
G,-0.113860615
L,-0.12687525
L,-0.11058312
D,-0.14055178
V,0.016032942
F,-0.11280088
T,-0.1426625
P,-0.091647595
A,0.010323558
R,0.0067703985
S,-0.06816158
L,-0.020725735
E,-0.08445071
E,-0.06475222
F,-0.11716222
N,-0.14982808
D,-0.13037255
V,-0.06655489
Y,-0.052524686
L,-0.13852555
V,-0.019433282
T,-0.11773968
H,-0.13965699
L,-0.05954548
M,-0.089067385
G,-0.08065368
A,-0.12988494
D,-0.000781361
L,-0.12144342
N,-0.09199416
N,-0.077499256
I,0.01801683
V,-0.0076594986
K,-0.13899478
C,-0.13652778
Q,-0.005398471
K,-0.029466689
L,-0.10596803
T,-0.11570625
D,-0.055616055
D,-0.10908575
H,-0.1250937
V,-0.13283964
Q,-0.13638048
F,-0.14759041
L,-0.14531817
I,-0.12482949
Y,-0.11786293
Q,-0.14019307
I,-0.076526955
L,-0.13171461
R,-0.12733237
G,-0.062435403
L,-0.055870604
K,-0.14017373
Y,-0.024318703
I,-0.0672846
H,-0.079412386
S,-0.12691417
A,0.010059383
D,-0.004237052
I,-0.13978761
I,-0.07369752
H,-0.13827577
R,-0.11384314
D,-0.071821734
L,-0.07263604
K,-0.111382246
P,-0.13811557
S,-0.12193122
N,-0.029208023
L,-0.050449956
A,-0.04925274
V,-0.107992955
N,-0.1090267
E,-0.04812587
D,-0.0202936
C,-0.119612895
E,-0.11161609
L,-0.14047824
K,-0.08666852
I,-0.12518747
L,-0.13757797
D,-0.11067773
F,-0.04274535
G,-0.03576459
L,-0.12045904
A,-0.029417746
R,-0.09633626
H,0.0051391535
T,-0.05156161
D,-0.075594485
D,-0.1043264
E,-0.031889655
M,-0.09933013
T,-0.115988955
G,-0.13666815
Y,-4.730001e-05
V,-0.05590863
A,-0.07296403
T,-0.089058846
R,-0.11744605
W,-0.06918362
Y,-0.12519164
R,-0.03998324
A,0.0027858391
P,-0.07835567
E,-0.122314684
I,-0.1171589
M,-0.12289198
L,-0.025397383
N,-0.13715917
W,-0.085615516
M,-0.07830483
H,-0.11541414
Y,-0.12428806
N,-0.068970874
Q,-0.014640547
T,-0.12755513
V,0.01649811
D,-0.09633586
I,-0.020797879
W,-0.10287091
S,-0.09419097
V,-0.12219491
G,-0.11723843
C,-0.11636326
I,-0.10238228
M,-0.13585944
A,-0.022952992
E,-0.085950606
L,-0.09842456
L,-0.14133081
T,-0.11063649
G,-0.113077216
R,-0.07433474
T,-0.14333552
L,-0.13113153
F,-0.103063375
P,-0.09384447
G,-0.09737733
T,-0.022334293
D,-0.060688946
H,-0.104496814
I,-0.12586334
D,-0.011265419
Q,-0.10286095
L,0.030925624
K,0.020808017
L,-0.012690481
I,0.014632072
L,-0.11348866
R,-0.13032752
L,-0.056806073
V,-0.1391576
G,-0.12476681
T,-0.06346233
P,-0.051033985
G,-0.12255956
A,-0.11620896
E,-0.048218507
L,-0.090621375
L,0.0008859262
K,-0.030244
K,-0.06507315
I,0.017299745
S,-0.063069195
S,-0.004634239
E,-0.10904795
S,-0.097447924
A,-0.0806024
R,-0.14664677
N,-0.121629775
Y,-0.08079232
I,-0.08362813
Q,-0.1384403
S,-0.13977984
L,-0.14482543
T,-0.12031864
Q,-0.09728641
M,0.01695096
P,-0.13200879
K,-0.13086095
M,-0.004581161
N,-0.06439045
F,-0.07141973
A,-0.039222784
N,-0.054913133
V,-0.062446207
F,-0.103380516
I,-0.120194204
G,-0.12659529
A,-0.12912823
N,-0.092864975
P,-0.105728894
L,0.019255497
A,-0.11852783
V,-0.105269
D,0.012420811
L,-0.104774594
L,-0.12724578
E,-0.05211811
K,-0.09010078
M,-0.050248116
L,-0.0862932
V,0.0034158193
L,0.019370504
D,-0.097617164
S,-0.11923564
D,-0.13881752
K,-0.1118716
R,-0.09642516
I,-0.048777655
T,-0.13744316
A,-0.076324
A,-0.08955444
Q,-0.066964686
A,-0.04671414
L,-0.06807406
A,0.025016103
H,-0.040828634
A,-0.0015649386
Y,-0.018678963
F,-0.008393329
A,0.018524302
Q,-0.0021013245
Y,-0.06391916
H,-0.07997746
D,-0.08922226
P,-0.12964943
D,-0.13576044
D,-0.079786666
E,-0.1240989
P,-0.1056816
V,-0.14333637
A,-0.07882674
D,-0.13345028
P,-0.14762765
Y,-0.108382925
D,-0.13176392
Q,-0.06696231
S,-0.008410957
F,-0.14963865
E,-0.053553015
S,-0.12996034
R,-0.12449744
D,-0.113073565
L,-0.055675223
L,-0.10188151
I,-0.04658472
D,-0.07897766
E,0.01963568
W,-0.108817175
K,-0.12035655
S,-0.08130778
L,-0.0901217
T,-0.054226443
Y,-0.08836856
D,0.013184596
E,-0.09101302
V,-0.14453503
I,0.023751246
S,-0.14048184
F,-0.09787953
V,-0.116234265
P,0.010938931
P,-0.059946015
P,-0.12280423
L,-0.06510237
D,0.0116722025
Q,-0.0386728
E,0.007955447
E,-0.025993474
M,0.017430698
E,-0.04040633
S,-0.0022989213
